<?xml version="1.0" encoding="utf-8"?>
<component>
<author>Cyril Holzer</author>
<title>Demonstration of Myplugin</title>
<version></version>
<description>Plugin description</description>
<type>plugin</type>
<classname>Plugins_Myplugin</classname>
<sql>
<install>
CREATE TABLE plugin_myplugin
(
  id integer,
  ref_text integer,
  parent integer,
  libelle character varying
);
</install>
<desinstall>
drop table plugin_myplugin
</desinstall>
</sql>
<files>
	<file path="/app/Plugins/">Myplugin.php</file>
	<folder path="/locale/">themes</folder>
</files>


</component>